{"rouge1": 0.5529413853900167, "rouge2": 0.3110184889390014, "rougeL": 0.4129889873960223, "bleu": 0.26942010488947904, "bert_score(f1)": 0.9176589882329163, "bert_score(p)": 0.9207036753049057, "bert_score(r)": 0.9148761096518584, "meteor": 0.49132907386629654}