{
    "rouge1": 0.5326868123723181,
    "rouge2": 0.29048684953555826,
    "rougeL": 0.392104275782323,
    "bleu": 0.24813479703387564,
    "bert_score(f1)": 0.9132731664960629,
    "bert_score(p)": 0.9145678507947476,
    "bert_score(r)": 0.9121682574815839,
    "meteor": 0.47121312129652054
}