{"rouge1": 0.603404186979942, "rouge2": 0.349437204710215, "rougeL": 0.4074198951680903, "bleu": 0.27791169172001823, "bert_score(f1)": 0.9190863498141256, "bert_score(p)": 0.9238931851440602, "bert_score(r)": 0.9144786047131828, "meteor": 0.5164442259620844}