{"rouge1": 0.6404243974916874, "rouge2": 0.4371662660510094, "rougeL": 0.5496595592941831, "bleu": 0.3914280949183612, "bert_score(f1)": 0.9336310075909904, "bert_score(p)": 0.9386140027742708, "bert_score(r)": 0.9292873646436113, "meteor": 0.6152284462366565}