{"rouge1": 0.5492800170906719, "rouge2": 0.28564782020775026, "rougeL": 0.4087730740190987, "bleu": 0.25035332884121253, "bert_score(f1)": 0.9205619090058831, "bert_score(p)": 0.9226812988184812, "bert_score(r)": 0.9186134813876634, "meteor": 0.477656089749106}