{"rouge1": 0.5364693367528246, "rouge2": 0.29354679136604866, "rougeL": 0.3921274571890198, "bleu": 0.2518703541320439, "bert_score(f1)": 0.9137038838083499, "bert_score(p)": 0.9148350087281699, "bert_score(r)": 0.9127763214512407, "meteor": 0.47413479697206}