{"rouge1": 0.5638651435119172, "rouge2": 0.32599557200847357, "rougeL": 0.4267068991542249, "bleu": 0.28277242381049184, "bert_score(f1)": 0.9201091964668202, "bert_score(p)": 0.9233381813931688, "bert_score(r)": 0.9171602640196542, "meteor": 0.5071629516767814}