{"rouge1": 0.48900444037757423, "rouge2": 0.23466333275391546, "rougeL": 0.3478631926273027, "bleu": 0.19143093799232935, "bert_score(f1)": 0.9097332592760579, "bert_score(p)": 0.9121791365441312, "bert_score(r)": 0.9075061491366183, "meteor": 0.43204663519698977}