{"rouge1": 0.5597879174291154, "rouge2": 0.33268934561444496, "rougeL": 0.427040694103879, "bleu": 0.2638746184657718, "bert_score(f1)": 0.9206423471482952, "bert_score(p)": 0.9235920892672592, "bert_score(r)": 0.9179166193758503, "meteor": 0.49853590118148255}