{
    "rouge1": 0.5518653585424329,
    "rouge2": 0.31073812513487387,
    "rougeL": 0.41229788880287727,
    "bleu": 0.26658346854007725,
    "bert_score(f1)": 0.917474116120383,
    "bert_score(p)": 0.9205865558062758,
    "bert_score(r)": 0.9146562293311146,
    "meteor": 0.49039283881939577
}