{"rouge1": 0.47418827567892285, "rouge2": 0.22637261771924616, "rougeL": 0.3365175460235145, "bleu": 0.2005370991816372, "bert_score(f1)": 0.9022990625895811, "bert_score(p)": 0.903262343969238, "bert_score(r)": 0.9014544433422302, "meteor": 0.4080631448714605}