{
    "rouge1": 0.5296838487307174,
    "rouge2": 0.2863268735922151,
    "rougeL": 0.38774409041915947,
    "bleu": 0.2450667910886097,
    "bert_score(f1)": 0.9129221276702167,
    "bert_score(p)": 0.9140941172002632,
    "bert_score(r)": 0.9119547496332187,
    "meteor": 0.4680498698109626
}