{"rouge1": 0.4335693632813951, "rouge2": 0.24648960709460777, "rougeL": 0.31741735503096685, "bleu": 0.13970860285226536, "bert_score(f1)": 0.9021652193551652, "bert_score(p)": 0.8865196745047409, "bert_score(r)": 0.918693446711208, "meteor": 0.4697043579851495}