{"rouge1": 0.43267165501889565, "rouge2": 0.23734496003842975, "rougeL": 0.30507158306549365, "bleu": 0.14255775973066756, "bert_score(f1)": 0.9007009724329473, "bert_score(p)": 0.8852595665704891, "bert_score(r)": 0.9169794806603635, "meteor": 0.47097778319542766}