{"rouge1": 0.3838034905036607, "rouge2": 0.1837796964026393, "rougeL": 0.26505356541632397, "bleu": 0.11032731658664696, "bert_score(f1)": 0.8864433464039577, "bert_score(p)": 0.8702348423807809, "bert_score(r)": 0.9036452656381586, "meteor": 0.4231005704967771}