{"rouge1": 0.4830246151765265, "rouge2": 0.27057206487982133, "rougeL": 0.30718082189369, "bleu": 0.15224602642762092, "bert_score(f1)": 0.9049695569477724, "bert_score(p)": 0.8905078279838133, "bert_score(r)": 0.9200747435012561, "meteor": 0.5094417266493438}