{
    "rouge1": 0.3884308871805866,
    "rouge2": 0.18488951275770793,
    "rougeL": 0.2595114163737682,
    "bleu": 0.0985176913395937,
    "bert_score(f1)": 0.8885740453951827,
    "bert_score(p)": 0.8701741015799692,
    "bert_score(r)": 0.9080448087130751,
    "meteor": 0.42024670895765176
}