{"rouge1": 0.3831989837697076, "rouge2": 0.18238974862011004, "rougeL": 0.25760077471150167, "bleu": 0.09542805368305857, "bert_score(f1)": 0.8866514668286404, "bert_score(p)": 0.8678172767719375, "bert_score(r)": 0.9066079504021974, "meteor": 0.4169709827877412}