{"rouge1": 0.3936070127448438, "rouge2": 0.1894354456483084, "rougeL": 0.26604735081313485, "bleu": 0.10000494867579195, "bert_score(f1)": 0.8894157310326894, "bert_score(p)": 0.871520057711262, "bert_score(r)": 0.9083264671014936, "meteor": 0.4199774713487266}