{"rouge1": 0.42304318758718606, "rouge2": 0.22736700417286948, "rougeL": 0.30537718254514773, "bleu": 0.1304031934563289, "bert_score(f1)": 0.9031760705990738, "bert_score(p)": 0.8851242065429688, "bert_score(r)": 0.9222688875841291, "meteor": 0.4465899990739349}