{"rouge1": 0.4871296037080389, "rouge2": 0.31744882920522655, "rougeL": 0.37836731626487086, "bleu": 0.2150664954679188, "bert_score(f1)": 0.9119603245445852, "bert_score(p)": 0.8974625890174609, "bert_score(r)": 0.9271751635530022, "meteor": 0.5551911490776756}