{
    "rouge1": 0.46573526742930293,
    "rouge2": 0.2691671736298693,
    "rougeL": 0.3370941228621501,
    "bleu": 0.1629971820608773,
    "bert_score(f1)": 0.9045390998091654,
    "bert_score(p)": 0.8907290224717043,
    "bert_score(r)": 0.919252629814861,
    "meteor": 0.49725917963147437
}