{"rouge1": 0.3873640508657854, "rouge2": 0.17618462020909825, "rougeL": 0.2554934503314666, "bleu": 0.10480952867389363, "bert_score(f1)": 0.895491325453426, "bert_score(p)": 0.8817082643508911, "bert_score(r)": 0.9100193776441424, "meteor": 0.42183889588968504}