{
    "rouge1": 0.43152836903144653,
    "rouge2": 0.23659735312849367,
    "rougeL": 0.3038072131267995,
    "bleu": 0.13879152438211823,
    "bert_score(f1)": 0.9002025690034171,
    "bert_score(p)": 0.8846332993462821,
    "bert_score(r)": 0.9166738832108329,
    "meteor": 0.4692526916671956
}