{"rouge1": 0.6659825850927514, "rouge2": 0.4564041169967895, "rougeL": 0.5663491729285435, "bleu": 0.4026123657974965, "bert_score(f1)": 0.9395193959889787, "bert_score(p)": 0.9462908754188023, "bert_score(r)": 0.9329338857297147, "meteor": 0.6282001946425004}