{"rouge1": 0.635993875561828, "rouge2": 0.3842717177287479, "rougeL": 0.42497198144263504, "bleu": 0.2839317154023424, "bert_score(f1)": 0.9269657583718889, "bert_score(p)": 0.9359530464986737, "bert_score(r)": 0.9182664591274904, "meteor": 0.5229722599928978}