{"rouge1": 0.5851338125253088, "rouge2": 0.368602656443166, "rougeL": 0.459573804581746, "bleu": 0.28053868647950175, "bert_score(f1)": 0.9272556941160995, "bert_score(p)": 0.9334469899702608, "bert_score(r)": 0.9213893547486723, "meteor": 0.5051138737431421}