{"rouge1": 0.5060981250290912, "rouge2": 0.2523344390103067, "rougeL": 0.36202453537947654, "bleu": 0.19389591933354658, "bert_score(f1)": 0.9134801043553299, "bert_score(p)": 0.9197874618380257, "bert_score(r)": 0.9074355651823323, "meteor": 0.4305099318354527}