{"rouge1": 0.5060040132275636, "rouge2": 0.268097374853539, "rougeL": 0.3739094795184731, "bleu": 0.23372944544733207, "bert_score(f1)": 0.9098196096634596, "bert_score(p)": 0.913562017880129, "bert_score(r)": 0.9062208044395018, "meteor": 0.4425042999434532}