{"rouge1": 0.5216061106863068, "rouge2": 0.2702882179738299, "rougeL": 0.3732687605191619, "bleu": 0.22066927944122, "bert_score(f1)": 0.9116910931105926, "bert_score(p)": 0.9140082477409149, "bert_score(r)": 0.9095652678302515, "meteor": 0.4505195666597872}