{"rouge1": 0.5914134750350777, "rouge2": 0.3675431596740567, "rougeL": 0.45542116904566743, "bleu": 0.2933327823430403, "bert_score(f1)": 0.9269552227492645, "bert_score(p)": 0.935206629628333, "bert_score(r)": 0.919051374564661, "meteor": 0.5112253875372514}