{"rouge1": 0.5085397443712181, "rouge2": 0.2561551706796878, "rougeL": 0.3586761801750192, "bleu": 0.21051146559072992, "bert_score(f1)": 0.9089140533286835, "bert_score(p)": 0.9096568142142252, "bert_score(r)": 0.9083518174207099, "meteor": 0.4414715193018932}