{"rouge1": 0.5788373297672185, "rouge2": 0.3188884973303131, "rougeL": 0.42376369919706647, "bleu": 0.2543701156594761, "bert_score(f1)": 0.927129151446096, "bert_score(p)": 0.9341550750678844, "bert_score(r)": 0.9203790586985899, "meteor": 0.4817442217288683}