{"rouge1": 0.5794348942379244, "rouge2": 0.3415798271914857, "rougeL": 0.43523772701783714, "bleu": 0.2803451390126253, "bert_score(f1)": 0.9240282856569755, "bert_score(p)": 0.9305325777789627, "bert_score(r)": 0.9177708546543836, "meteor": 0.5018407969810524}