{
    "rouge1": 0.5795608301348769,
    "rouge2": 0.3415232902419018,
    "rougeL": 0.43453332793489086,
    "bleu": 0.27818228662497096,
    "bert_score(f1)": 0.9238957027408564,
    "bert_score(p)": 0.9304941279865871,
    "bert_score(r)": 0.9175561805751836,
    "meteor": 0.5010753164589856
}