{"rouge1": 0.5087444601206672, "rouge2": 0.25906741755991225, "rougeL": 0.3623207877807232, "bleu": 0.2145084034387689, "bert_score(f1)": 0.9089001761418637, "bert_score(p)": 0.9102921308758103, "bert_score(r)": 0.907695734500885, "meteor": 0.43978732331710463}