{"rouge1": 0.38834818384682124, "rouge2": 0.1340581046775745, "rougeL": 0.26832203697510715, "bleu": 0.11844090277177988, "bert_score(f1)": 0.8787124586996631, "bert_score(p)": 0.8799797731025196, "bert_score(r)": 0.8776380763989743, "meteor": 0.32009003571018335}