{"rouge1": 0.39878993539769425, "rouge2": 0.14243879059160197, "rougeL": 0.27801238635984593, "bleu": 0.13099485466716457, "bert_score(f1)": 0.881921890405851, "bert_score(p)": 0.8844090393770521, "bert_score(r)": 0.8795964984136208, "meteor": 0.32954125684781277}