{
    "rouge1": 0.4459716493991416,
    "rouge2": 0.18691989352615518,
    "rougeL": 0.31704066228680594,
    "bleu": 0.1687959021462044,
    "bert_score(f1)": 0.8929628412300181,
    "bert_score(p)": 0.8984382819906573,
    "bert_score(r)": 0.8877034738799122,
    "meteor": 0.36990022720976107
}