{
    "rouge1": 0.44630067062204326,
    "rouge2": 0.1875473285393248,
    "rougeL": 0.31776074731525894,
    "bleu": 0.1701343975396914,
    "bert_score(f1)": 0.893104878369342,
    "bert_score(p)": 0.8985217502724365,
    "bert_score(r)": 0.8878988039850743,
    "meteor": 0.37049880022370774
}