{"rouge1": 0.3796226813781579, "rouge2": 0.12970309769085703, "rougeL": 0.26010877812575495, "bleu": 0.11746647475062112, "bert_score(f1)": 0.8769853753464244, "bert_score(p)": 0.8780964489295103, "bert_score(r)": 0.8760491324362354, "meteor": 0.3105353585841414}