{
    "rouge1": 0.39426740593637205,
    "rouge2": 0.12328180089834306,
    "rougeL": 0.2664389674737054,
    "bleu": 0.1067374709750435,
    "bert_score(f1)": 0.8874239847901162,
    "bert_score(p)": 0.8927064598276374,
    "bert_score(r)": 0.8824110232042462,
    "meteor": 0.3235368565148217
}