{
    "rouge1": 0.4312923053889235,
    "rouge2": 0.1407367540616199,
    "rougeL": 0.2938132376099959,
    "bleu": 0.12659024498496044,
    "bert_score(f1)": 0.8974564135744331,
    "bert_score(p)": 0.9020605522595094,
    "bert_score(r)": 0.8929760081044743,
    "meteor": 0.3430331994545501
}