{
    "rouge1": 0.37985522107921443,
    "rouge2": 0.14389319419180902,
    "rougeL": 0.2771635955697674,
    "bleu": 0.12387505778231922,
    "bert_score(f1)": 0.8764329304855861,
    "bert_score(p)": 0.8822543554091722,
    "bert_score(r)": 0.870837280589543,
    "meteor": 0.3163999159518574
}