{
    "rouge1": 0.4614829649603581,
    "rouge2": 0.18551199285209033,
    "rougeL": 0.3065821578452403,
    "bleu": 0.1237777023132551,
    "bert_score(f1)": 0.8891766787914748,
    "bert_score(p)": 0.8980978198265761,
    "bert_score(r)": 0.8805435862434045,
    "meteor": 0.35066986776643816
}