{
    "rouge1": 0.44174941622227226,
    "rouge2": 0.18387916023807319,
    "rougeL": 0.30214396535607035,
    "bleu": 0.1773311800277222,
    "bert_score(f1)": 0.8909954160786746,
    "bert_score(p)": 0.8923063137558069,
    "bert_score(r)": 0.8898007186611047,
    "meteor": 0.37630998169735835
}