{
    "rouge1": 0.44960646109412655,
    "rouge2": 0.19615037434369864,
    "rougeL": 0.3258585453021598,
    "bleu": 0.17921419708077038,
    "bert_score(f1)": 0.8943035015435976,
    "bert_score(p)": 0.8984570611303098,
    "bert_score(r)": 0.8903458009256381,
    "meteor": 0.37963955856848525
}