{
    "rouge1": 0.5696343626690369,
    "rouge2": 0.34520907807022755,
    "rougeL": 0.45938427496141104,
    "bleu": 0.30129746123127504,
    "bert_score(f1)": 0.917143848504913,
    "bert_score(p)": 0.9237049985467718,
    "bert_score(r)": 0.9108242084471028,
    "meteor": 0.5130429799572205
}